{
    "Grade 1": [
        0.0008504728166055684,
        0.04847368621162854
    ],
    "Grade 2": [
        0.04847368621162854,
        0.08484103979920649
    ],
    "Grade 3": [
        0.08484103979920649,
        0.14131527318942577
    ],
    "Grade 4": [
        0.14131527318942577,
        0.3632377098401469
    ],
    "Grade 5": [
        0.3632377098401469,
        0.7230627301613588
    ],
    "Grade 6": [
        0.7230627301613588,
        0.9339649653970055
    ]
}